scenario_number,qualifying_groups,slot_74,slot_77,slot_79,slot_80,slot_81,slot_82,slot_85,slot_87,source_url
1,E-F-G-H-I-J-K-L,F,G,E,K,I,H,J,L,https://en.wikipedia.org/wiki/Template:2026_FIFA_World_Cup_third-place_table
2,D-F-G-H-I-J-K-L,D,F,H,K,I,J,G,L,https://en.wikipedia.org/wiki/Template:2026_FIFA_World_Cup_third-place_table
3,D-E-G-H-I-J-K-L,D,G,E,K,I,H,J,L,https://en.wikipedia.org/wiki/Template:2026_FIFA_World_Cup_third-place_table
4,D-E-F-H-I-J-K-L,D,F,E,K,I,H,J,L,https://en.wikipedia.org/wiki/Template:2026_FIFA_World_Cup_third-place_table
5,D-E-F-G-I-J-K-L,D,F,E,K,I,J,G,L,https://en.wikipedia.org/wiki/Template:2026_FIFA_World_Cup_third-place_table
6,D-E-F-G-H-J-K-L,D,F,E,K,J,H,G,L,https://en.wikipedia.org/wiki/Template:2026_FIFA_World_Cup_third-place_table
7,D-E-F-G-H-I-K-L,D,F,E,K,I,H,G,L,https://en.wikipedia.org/wiki/Template:2026_FIFA_World_Cup_third-place_table
8,D-E-F-G-H-I-J-L,D,F,E,I,J,H,G,L,https://en.wikipedia.org/wiki/Template:2026_FIFA_World_Cup_third-place_table
9,D-E-F-G-H-I-J-K,D,F,E,K,J,H,G,I,https://en.wikipedia.org/wiki/Template:2026_FIFA_World_Cup_third-place_table
10,C-F-G-H-I-J-K-L,C,F,H,K,I,J,G,L,https://en.wikipedia.org/wiki/Template:2026_FIFA_World_Cup_third-place_table
11,C-E-G-H-I-J-K-L,C,G,E,K,I,H,J,L,https://en.wikipedia.org/wiki/Template:2026_FIFA_World_Cup_third-place_table
12,C-E-F-H-I-J-K-L,C,F,E,K,I,H,J,L,https://en.wikipedia.org/wiki/Template:2026_FIFA_World_Cup_third-place_table
13,C-E-F-G-I-J-K-L,C,F,E,K,I,J,G,L,https://en.wikipedia.org/wiki/Template:2026_FIFA_World_Cup_third-place_table
14,C-E-F-G-H-J-K-L,C,F,E,K,J,H,G,L,https://en.wikipedia.org/wiki/Template:2026_FIFA_World_Cup_third-place_table
15,C-E-F-G-H-I-K-L,C,F,E,K,I,H,G,L,https://en.wikipedia.org/wiki/Template:2026_FIFA_World_Cup_third-place_table
16,C-E-F-G-H-I-J-L,C,F,E,I,J,H,G,L,https://en.wikipedia.org/wiki/Template:2026_FIFA_World_Cup_third-place_table
17,C-E-F-G-H-I-J-K,C,F,E,K,J,H,G,I,https://en.wikipedia.org/wiki/Template:2026_FIFA_World_Cup_third-place_table
18,C-D-G-H-I-J-K-L,C,D,H,K,I,J,G,L,https://en.wikipedia.org/wiki/Template:2026_FIFA_World_Cup_third-place_table
19,C-D-F-H-I-J-K-L,D,F,C,K,I,H,J,L,https://en.wikipedia.org/wiki/Template:2026_FIFA_World_Cup_third-place_table
20,C-D-F-G-I-J-K-L,D,F,C,K,I,J,G,L,https://en.wikipedia.org/wiki/Template:2026_FIFA_World_Cup_third-place_table
21,C-D-F-G-H-J-K-L,D,F,C,K,J,H,G,L,https://en.wikipedia.org/wiki/Template:2026_FIFA_World_Cup_third-place_table
22,C-D-F-G-H-I-K-L,D,F,C,K,I,H,G,L,https://en.wikipedia.org/wiki/Template:2026_FIFA_World_Cup_third-place_table
23,C-D-F-G-H-I-J-L,D,F,C,I,J,H,G,L,https://en.wikipedia.org/wiki/Template:2026_FIFA_World_Cup_third-place_table
24,C-D-F-G-H-I-J-K,D,F,C,K,J,H,G,I,https://en.wikipedia.org/wiki/Template:2026_FIFA_World_Cup_third-place_table
25,C-D-E-H-I-J-K-L,C,D,E,K,I,H,J,L,https://en.wikipedia.org/wiki/Template:2026_FIFA_World_Cup_third-place_table
26,C-D-E-G-I-J-K-L,C,D,E,K,I,J,G,L,https://en.wikipedia.org/wiki/Template:2026_FIFA_World_Cup_third-place_table
27,C-D-E-G-H-J-K-L,C,D,E,K,J,H,G,L,https://en.wikipedia.org/wiki/Template:2026_FIFA_World_Cup_third-place_table
28,C-D-E-G-H-I-K-L,C,D,E,K,I,H,G,L,https://en.wikipedia.org/wiki/Template:2026_FIFA_World_Cup_third-place_table
29,C-D-E-G-H-I-J-L,C,D,E,I,J,H,G,L,https://en.wikipedia.org/wiki/Template:2026_FIFA_World_Cup_third-place_table
30,C-D-E-G-H-I-J-K,C,D,E,K,J,H,G,I,https://en.wikipedia.org/wiki/Template:2026_FIFA_World_Cup_third-place_table
31,C-D-E-F-I-J-K-L,D,F,C,K,E,I,J,L,https://en.wikipedia.org/wiki/Template:2026_FIFA_World_Cup_third-place_table
32,C-D-E-F-H-J-K-L,D,F,C,K,E,H,J,L,https://en.wikipedia.org/wiki/Template:2026_FIFA_World_Cup_third-place_table
33,C-D-E-F-H-I-K-L,D,F,C,K,I,H,E,L,https://en.wikipedia.org/wiki/Template:2026_FIFA_World_Cup_third-place_table
34,C-D-E-F-H-I-J-L,D,F,C,I,E,H,J,L,https://en.wikipedia.org/wiki/Template:2026_FIFA_World_Cup_third-place_table
35,C-D-E-F-H-I-J-K,D,F,C,K,E,H,J,I,https://en.wikipedia.org/wiki/Template:2026_FIFA_World_Cup_third-place_table
36,C-D-E-F-G-J-K-L,D,F,C,K,E,J,G,L,https://en.wikipedia.org/wiki/Template:2026_FIFA_World_Cup_third-place_table
37,C-D-E-F-G-I-K-L,D,F,C,K,E,I,G,L,https://en.wikipedia.org/wiki/Template:2026_FIFA_World_Cup_third-place_table
38,C-D-E-F-G-I-J-L,D,F,C,I,E,J,G,L,https://en.wikipedia.org/wiki/Template:2026_FIFA_World_Cup_third-place_table
39,C-D-E-F-G-I-J-K,D,F,C,K,E,J,G,I,https://en.wikipedia.org/wiki/Template:2026_FIFA_World_Cup_third-place_table
40,C-D-E-F-G-H-K-L,D,F,C,K,E,H,G,L,https://en.wikipedia.org/wiki/Template:2026_FIFA_World_Cup_third-place_table
41,C-D-E-F-G-H-J-L,D,F,C,E,J,H,G,L,https://en.wikipedia.org/wiki/Template:2026_FIFA_World_Cup_third-place_table
42,C-D-E-F-G-H-J-K,D,F,C,K,J,H,G,E,https://en.wikipedia.org/wiki/Template:2026_FIFA_World_Cup_third-place_table
43,C-D-E-F-G-H-I-L,D,F,C,I,E,H,G,L,https://en.wikipedia.org/wiki/Template:2026_FIFA_World_Cup_third-place_table
44,C-D-E-F-G-H-I-K,D,F,C,K,E,H,G,I,https://en.wikipedia.org/wiki/Template:2026_FIFA_World_Cup_third-place_table
45,C-D-E-F-G-H-I-J,D,F,C,I,J,H,G,E,https://en.wikipedia.org/wiki/Template:2026_FIFA_World_Cup_third-place_table
46,B-F-G-H-I-J-K-L,F,G,H,K,B,I,J,L,https://en.wikipedia.org/wiki/Template:2026_FIFA_World_Cup_third-place_table
47,B-E-G-H-I-J-K-L,B,G,E,K,I,H,J,L,https://en.wikipedia.org/wiki/Template:2026_FIFA_World_Cup_third-place_table
48,B-E-F-H-I-J-K-L,F,H,E,K,B,I,J,L,https://en.wikipedia.org/wiki/Template:2026_FIFA_World_Cup_third-place_table
49,B-E-F-G-I-J-K-L,F,G,E,K,B,I,J,L,https://en.wikipedia.org/wiki/Template:2026_FIFA_World_Cup_third-place_table
50,B-E-F-G-H-J-K-L,F,G,E,K,B,H,J,L,https://en.wikipedia.org/wiki/Template:2026_FIFA_World_Cup_third-place_table
51,B-E-F-G-H-I-K-L,F,H,E,K,B,I,G,L,https://en.wikipedia.org/wiki/Template:2026_FIFA_World_Cup_third-place_table
52,B-E-F-G-H-I-J-L,F,G,E,I,B,H,J,L,https://en.wikipedia.org/wiki/Template:2026_FIFA_World_Cup_third-place_table
53,B-E-F-G-H-I-J-K,F,G,E,K,B,H,J,I,https://en.wikipedia.org/wiki/Template:2026_FIFA_World_Cup_third-place_table
54,B-D-G-H-I-J-K-L,D,G,H,K,B,I,J,L,https://en.wikipedia.org/wiki/Template:2026_FIFA_World_Cup_third-place_table
55,B-D-F-H-I-J-K-L,D,F,H,K,B,I,J,L,https://en.wikipedia.org/wiki/Template:2026_FIFA_World_Cup_third-place_table
56,B-D-F-G-I-J-K-L,D,F,I,K,B,J,G,L,https://en.wikipedia.org/wiki/Template:2026_FIFA_World_Cup_third-place_table
57,B-D-F-G-H-J-K-L,D,F,H,K,B,J,G,L,https://en.wikipedia.org/wiki/Template:2026_FIFA_World_Cup_third-place_table
58,B-D-F-G-H-I-K-L,D,F,H,K,B,I,G,L,https://en.wikipedia.org/wiki/Template:2026_FIFA_World_Cup_third-place_table
59,B-D-F-G-H-I-J-L,D,F,H,I,B,J,G,L,https://en.wikipedia.org/wiki/Template:2026_FIFA_World_Cup_third-place_table
60,B-D-F-G-H-I-J-K,D,F,H,K,B,J,G,I,https://en.wikipedia.org/wiki/Template:2026_FIFA_World_Cup_third-place_table
61,B-D-E-H-I-J-K-L,D,H,E,K,B,I,J,L,https://en.wikipedia.org/wiki/Template:2026_FIFA_World_Cup_third-place_table
62,B-D-E-G-I-J-K-L,D,G,E,K,B,I,J,L,https://en.wikipedia.org/wiki/Template:2026_FIFA_World_Cup_third-place_table
63,B-D-E-G-H-J-K-L,D,G,E,K,B,H,J,L,https://en.wikipedia.org/wiki/Template:2026_FIFA_World_Cup_third-place_table
64,B-D-E-G-H-I-K-L,D,H,E,K,B,I,G,L,https://en.wikipedia.org/wiki/Template:2026_FIFA_World_Cup_third-place_table
65,B-D-E-G-H-I-J-L,D,G,E,I,B,H,J,L,https://en.wikipedia.org/wiki/Template:2026_FIFA_World_Cup_third-place_table
66,B-D-E-G-H-I-J-K,D,G,E,K,B,H,J,I,https://en.wikipedia.org/wiki/Template:2026_FIFA_World_Cup_third-place_table
67,B-D-E-F-I-J-K-L,D,F,E,K,B,I,J,L,https://en.wikipedia.org/wiki/Template:2026_FIFA_World_Cup_third-place_table
68,B-D-E-F-H-J-K-L,D,F,E,K,B,H,J,L,https://en.wikipedia.org/wiki/Template:2026_FIFA_World_Cup_third-place_table
69,B-D-E-F-H-I-K-L,D,F,E,K,B,H,I,L,https://en.wikipedia.org/wiki/Template:2026_FIFA_World_Cup_third-place_table
70,B-D-E-F-H-I-J-L,D,F,E,I,B,H,J,L,https://en.wikipedia.org/wiki/Template:2026_FIFA_World_Cup_third-place_table
71,B-D-E-F-H-I-J-K,D,F,E,K,B,H,J,I,https://en.wikipedia.org/wiki/Template:2026_FIFA_World_Cup_third-place_table
72,B-D-E-F-G-J-K-L,D,F,E,K,B,J,G,L,https://en.wikipedia.org/wiki/Template:2026_FIFA_World_Cup_third-place_table
73,B-D-E-F-G-I-K-L,D,F,E,K,B,I,G,L,https://en.wikipedia.org/wiki/Template:2026_FIFA_World_Cup_third-place_table
74,B-D-E-F-G-I-J-L,D,F,E,I,B,J,G,L,https://en.wikipedia.org/wiki/Template:2026_FIFA_World_Cup_third-place_table
75,B-D-E-F-G-I-J-K,D,F,E,K,B,J,G,I,https://en.wikipedia.org/wiki/Template:2026_FIFA_World_Cup_third-place_table
76,B-D-E-F-G-H-K-L,D,F,E,K,B,H,G,L,https://en.wikipedia.org/wiki/Template:2026_FIFA_World_Cup_third-place_table
77,B-D-E-F-G-H-J-L,D,F,H,E,B,J,G,L,https://en.wikipedia.org/wiki/Template:2026_FIFA_World_Cup_third-place_table
78,B-D-E-F-G-H-J-K,D,F,H,K,B,J,G,E,https://en.wikipedia.org/wiki/Template:2026_FIFA_World_Cup_third-place_table
79,B-D-E-F-G-H-I-L,D,F,E,I,B,H,G,L,https://en.wikipedia.org/wiki/Template:2026_FIFA_World_Cup_third-place_table
80,B-D-E-F-G-H-I-K,D,F,E,K,B,H,G,I,https://en.wikipedia.org/wiki/Template:2026_FIFA_World_Cup_third-place_table
81,B-D-E-F-G-H-I-J,D,F,H,I,B,J,G,E,https://en.wikipedia.org/wiki/Template:2026_FIFA_World_Cup_third-place_table
82,B-C-G-H-I-J-K-L,C,G,H,K,B,I,J,L,https://en.wikipedia.org/wiki/Template:2026_FIFA_World_Cup_third-place_table
83,B-C-F-H-I-J-K-L,C,F,H,K,B,I,J,L,https://en.wikipedia.org/wiki/Template:2026_FIFA_World_Cup_third-place_table
84,B-C-F-G-I-J-K-L,C,F,I,K,B,J,G,L,https://en.wikipedia.org/wiki/Template:2026_FIFA_World_Cup_third-place_table
85,B-C-F-G-H-J-K-L,C,F,H,K,B,J,G,L,https://en.wikipedia.org/wiki/Template:2026_FIFA_World_Cup_third-place_table
86,B-C-F-G-H-I-K-L,C,F,H,K,B,I,G,L,https://en.wikipedia.org/wiki/Template:2026_FIFA_World_Cup_third-place_table
87,B-C-F-G-H-I-J-L,C,F,H,I,B,J,G,L,https://en.wikipedia.org/wiki/Template:2026_FIFA_World_Cup_third-place_table
88,B-C-F-G-H-I-J-K,C,F,H,K,B,J,G,I,https://en.wikipedia.org/wiki/Template:2026_FIFA_World_Cup_third-place_table
89,B-C-E-H-I-J-K-L,C,H,E,K,B,I,J,L,https://en.wikipedia.org/wiki/Template:2026_FIFA_World_Cup_third-place_table
90,B-C-E-G-I-J-K-L,C,G,E,K,B,I,J,L,https://en.wikipedia.org/wiki/Template:2026_FIFA_World_Cup_third-place_table
91,B-C-E-G-H-J-K-L,C,G,E,K,B,H,J,L,https://en.wikipedia.org/wiki/Template:2026_FIFA_World_Cup_third-place_table
92,B-C-E-G-H-I-K-L,C,H,E,K,B,I,G,L,https://en.wikipedia.org/wiki/Template:2026_FIFA_World_Cup_third-place_table
93,B-C-E-G-H-I-J-L,C,G,E,I,B,H,J,L,https://en.wikipedia.org/wiki/Template:2026_FIFA_World_Cup_third-place_table
94,B-C-E-G-H-I-J-K,C,G,E,K,B,H,J,I,https://en.wikipedia.org/wiki/Template:2026_FIFA_World_Cup_third-place_table
95,B-C-E-F-I-J-K-L,C,F,E,K,B,I,J,L,https://en.wikipedia.org/wiki/Template:2026_FIFA_World_Cup_third-place_table
96,B-C-E-F-H-J-K-L,C,F,E,K,B,H,J,L,https://en.wikipedia.org/wiki/Template:2026_FIFA_World_Cup_third-place_table
97,B-C-E-F-H-I-K-L,C,F,E,K,B,H,I,L,https://en.wikipedia.org/wiki/Template:2026_FIFA_World_Cup_third-place_table
98,B-C-E-F-H-I-J-L,C,F,E,I,B,H,J,L,https://en.wikipedia.org/wiki/Template:2026_FIFA_World_Cup_third-place_table
99,B-C-E-F-H-I-J-K,C,F,E,K,B,H,J,I,https://en.wikipedia.org/wiki/Template:2026_FIFA_World_Cup_third-place_table
100,B-C-E-F-G-J-K-L,C,F,E,K,B,J,G,L,https://en.wikipedia.org/wiki/Template:2026_FIFA_World_Cup_third-place_table
101,B-C-E-F-G-I-K-L,C,F,E,K,B,I,G,L,https://en.wikipedia.org/wiki/Template:2026_FIFA_World_Cup_third-place_table
102,B-C-E-F-G-I-J-L,C,F,E,I,B,J,G,L,https://en.wikipedia.org/wiki/Template:2026_FIFA_World_Cup_third-place_table
103,B-C-E-F-G-I-J-K,C,F,E,K,B,J,G,I,https://en.wikipedia.org/wiki/Template:2026_FIFA_World_Cup_third-place_table
104,B-C-E-F-G-H-K-L,C,F,E,K,B,H,G,L,https://en.wikipedia.org/wiki/Template:2026_FIFA_World_Cup_third-place_table
105,B-C-E-F-G-H-J-L,C,F,H,E,B,J,G,L,https://en.wikipedia.org/wiki/Template:2026_FIFA_World_Cup_third-place_table
106,B-C-E-F-G-H-J-K,C,F,H,K,B,J,G,E,https://en.wikipedia.org/wiki/Template:2026_FIFA_World_Cup_third-place_table
107,B-C-E-F-G-H-I-L,C,F,E,I,B,H,G,L,https://en.wikipedia.org/wiki/Template:2026_FIFA_World_Cup_third-place_table
108,B-C-E-F-G-H-I-K,C,F,E,K,B,H,G,I,https://en.wikipedia.org/wiki/Template:2026_FIFA_World_Cup_third-place_table
109,B-C-E-F-G-H-I-J,C,F,H,I,B,J,G,E,https://en.wikipedia.org/wiki/Template:2026_FIFA_World_Cup_third-place_table
110,B-C-D-H-I-J-K-L,C,D,H,K,B,I,J,L,https://en.wikipedia.org/wiki/Template:2026_FIFA_World_Cup_third-place_table
111,B-C-D-G-I-J-K-L,C,D,I,K,B,J,G,L,https://en.wikipedia.org/wiki/Template:2026_FIFA_World_Cup_third-place_table
112,B-C-D-G-H-J-K-L,C,D,H,K,B,J,G,L,https://en.wikipedia.org/wiki/Template:2026_FIFA_World_Cup_third-place_table
113,B-C-D-G-H-I-K-L,C,D,H,K,B,I,G,L,https://en.wikipedia.org/wiki/Template:2026_FIFA_World_Cup_third-place_table
114,B-C-D-G-H-I-J-L,C,D,H,I,B,J,G,L,https://en.wikipedia.org/wiki/Template:2026_FIFA_World_Cup_third-place_table
115,B-C-D-G-H-I-J-K,C,D,H,K,B,J,G,I,https://en.wikipedia.org/wiki/Template:2026_FIFA_World_Cup_third-place_table
116,B-C-D-F-I-J-K-L,D,F,C,K,B,I,J,L,https://en.wikipedia.org/wiki/Template:2026_FIFA_World_Cup_third-place_table
117,B-C-D-F-H-J-K-L,D,F,C,K,B,H,J,L,https://en.wikipedia.org/wiki/Template:2026_FIFA_World_Cup_third-place_table
118,B-C-D-F-H-I-K-L,D,F,C,K,B,H,I,L,https://en.wikipedia.org/wiki/Template:2026_FIFA_World_Cup_third-place_table
119,B-C-D-F-H-I-J-L,D,F,C,I,B,H,J,L,https://en.wikipedia.org/wiki/Template:2026_FIFA_World_Cup_third-place_table
120,B-C-D-F-H-I-J-K,D,F,C,K,B,H,J,I,https://en.wikipedia.org/wiki/Template:2026_FIFA_World_Cup_third-place_table
121,B-C-D-F-G-J-K-L,D,F,C,K,B,J,G,L,https://en.wikipedia.org/wiki/Template:2026_FIFA_World_Cup_third-place_table
122,B-C-D-F-G-I-K-L,D,F,C,K,B,I,G,L,https://en.wikipedia.org/wiki/Template:2026_FIFA_World_Cup_third-place_table
123,B-C-D-F-G-I-J-L,D,F,C,I,B,J,G,L,https://en.wikipedia.org/wiki/Template:2026_FIFA_World_Cup_third-place_table
124,B-C-D-F-G-I-J-K,D,F,C,K,B,J,G,I,https://en.wikipedia.org/wiki/Template:2026_FIFA_World_Cup_third-place_table
125,B-C-D-F-G-H-K-L,D,F,C,K,B,H,G,L,https://en.wikipedia.org/wiki/Template:2026_FIFA_World_Cup_third-place_table
126,B-C-D-F-G-H-J-L,D,F,C,J,B,H,G,L,https://en.wikipedia.org/wiki/Template:2026_FIFA_World_Cup_third-place_table
127,B-C-D-F-G-H-J-K,C,F,H,K,B,J,G,D,https://en.wikipedia.org/wiki/Template:2026_FIFA_World_Cup_third-place_table
128,B-C-D-F-G-H-I-L,D,F,C,I,B,H,G,L,https://en.wikipedia.org/wiki/Template:2026_FIFA_World_Cup_third-place_table
129,B-C-D-F-G-H-I-K,D,F,C,K,B,H,G,I,https://en.wikipedia.org/wiki/Template:2026_FIFA_World_Cup_third-place_table
130,B-C-D-F-G-H-I-J,C,F,H,I,B,J,G,D,https://en.wikipedia.org/wiki/Template:2026_FIFA_World_Cup_third-place_table
131,B-C-D-E-I-J-K-L,C,D,E,K,B,I,J,L,https://en.wikipedia.org/wiki/Template:2026_FIFA_World_Cup_third-place_table
132,B-C-D-E-H-J-K-L,C,D,E,K,B,H,J,L,https://en.wikipedia.org/wiki/Template:2026_FIFA_World_Cup_third-place_table
133,B-C-D-E-H-I-K-L,C,D,E,K,B,H,I,L,https://en.wikipedia.org/wiki/Template:2026_FIFA_World_Cup_third-place_table
134,B-C-D-E-H-I-J-L,C,D,E,I,B,H,J,L,https://en.wikipedia.org/wiki/Template:2026_FIFA_World_Cup_third-place_table
135,B-C-D-E-H-I-J-K,C,D,E,K,B,H,J,I,https://en.wikipedia.org/wiki/Template:2026_FIFA_World_Cup_third-place_table
136,B-C-D-E-G-J-K-L,C,D,E,K,B,J,G,L,https://en.wikipedia.org/wiki/Template:2026_FIFA_World_Cup_third-place_table
137,B-C-D-E-G-I-K-L,C,D,E,K,B,I,G,L,https://en.wikipedia.org/wiki/Template:2026_FIFA_World_Cup_third-place_table
138,B-C-D-E-G-I-J-L,C,D,E,I,B,J,G,L,https://en.wikipedia.org/wiki/Template:2026_FIFA_World_Cup_third-place_table
139,B-C-D-E-G-I-J-K,C,D,E,K,B,J,G,I,https://en.wikipedia.org/wiki/Template:2026_FIFA_World_Cup_third-place_table
140,B-C-D-E-G-H-K-L,C,D,E,K,B,H,G,L,https://en.wikipedia.org/wiki/Template:2026_FIFA_World_Cup_third-place_table
141,B-C-D-E-G-H-J-L,C,D,H,E,B,J,G,L,https://en.wikipedia.org/wiki/Template:2026_FIFA_World_Cup_third-place_table
142,B-C-D-E-G-H-J-K,C,D,H,K,B,J,G,E,https://en.wikipedia.org/wiki/Template:2026_FIFA_World_Cup_third-place_table
143,B-C-D-E-G-H-I-L,C,D,E,I,B,H,G,L,https://en.wikipedia.org/wiki/Template:2026_FIFA_World_Cup_third-place_table
144,B-C-D-E-G-H-I-K,C,D,E,K,B,H,G,I,https://en.wikipedia.org/wiki/Template:2026_FIFA_World_Cup_third-place_table
145,B-C-D-E-G-H-I-J,C,D,H,I,B,J,G,E,https://en.wikipedia.org/wiki/Template:2026_FIFA_World_Cup_third-place_table
146,B-C-D-E-F-J-K-L,D,F,C,K,B,E,J,L,https://en.wikipedia.org/wiki/Template:2026_FIFA_World_Cup_third-place_table
147,B-C-D-E-F-I-K-L,D,F,C,K,B,I,E,L,https://en.wikipedia.org/wiki/Template:2026_FIFA_World_Cup_third-place_table
148,B-C-D-E-F-I-J-L,D,F,C,I,B,E,J,L,https://en.wikipedia.org/wiki/Template:2026_FIFA_World_Cup_third-place_table
149,B-C-D-E-F-I-J-K,D,F,C,K,B,E,J,I,https://en.wikipedia.org/wiki/Template:2026_FIFA_World_Cup_third-place_table
150,B-C-D-E-F-H-K-L,D,F,C,K,B,H,E,L,https://en.wikipedia.org/wiki/Template:2026_FIFA_World_Cup_third-place_table
151,B-C-D-E-F-H-J-L,D,F,C,E,B,H,J,L,https://en.wikipedia.org/wiki/Template:2026_FIFA_World_Cup_third-place_table
152,B-C-D-E-F-H-J-K,D,F,C,K,B,H,J,E,https://en.wikipedia.org/wiki/Template:2026_FIFA_World_Cup_third-place_table
153,B-C-D-E-F-H-I-L,D,F,C,I,B,H,E,L,https://en.wikipedia.org/wiki/Template:2026_FIFA_World_Cup_third-place_table
154,B-C-D-E-F-H-I-K,D,F,C,K,B,H,E,I,https://en.wikipedia.org/wiki/Template:2026_FIFA_World_Cup_third-place_table
155,B-C-D-E-F-H-I-J,D,F,C,I,B,H,J,E,https://en.wikipedia.org/wiki/Template:2026_FIFA_World_Cup_third-place_table
156,B-C-D-E-F-G-K-L,D,F,C,K,B,E,G,L,https://en.wikipedia.org/wiki/Template:2026_FIFA_World_Cup_third-place_table
157,B-C-D-E-F-G-J-L,D,F,C,E,B,J,G,L,https://en.wikipedia.org/wiki/Template:2026_FIFA_World_Cup_third-place_table
158,B-C-D-E-F-G-J-K,D,F,C,K,B,J,G,E,https://en.wikipedia.org/wiki/Template:2026_FIFA_World_Cup_third-place_table
159,B-C-D-E-F-G-I-L,D,F,C,I,B,E,G,L,https://en.wikipedia.org/wiki/Template:2026_FIFA_World_Cup_third-place_table
160,B-C-D-E-F-G-I-K,D,F,C,K,B,E,G,I,https://en.wikipedia.org/wiki/Template:2026_FIFA_World_Cup_third-place_table
161,B-C-D-E-F-G-I-J,D,F,C,I,B,J,G,E,https://en.wikipedia.org/wiki/Template:2026_FIFA_World_Cup_third-place_table
162,B-C-D-E-F-G-H-L,D,F,C,E,B,H,G,L,https://en.wikipedia.org/wiki/Template:2026_FIFA_World_Cup_third-place_table
163,B-C-D-E-F-G-H-K,D,F,C,K,B,H,G,E,https://en.wikipedia.org/wiki/Template:2026_FIFA_World_Cup_third-place_table
164,B-C-D-E-F-G-H-J,C,F,H,E,B,J,G,D,https://en.wikipedia.org/wiki/Template:2026_FIFA_World_Cup_third-place_table
165,B-C-D-E-F-G-H-I,D,F,C,I,B,H,G,E,https://en.wikipedia.org/wiki/Template:2026_FIFA_World_Cup_third-place_table
166,A-F-G-H-I-J-K-L,F,G,H,K,I,A,J,L,https://en.wikipedia.org/wiki/Template:2026_FIFA_World_Cup_third-place_table
167,A-E-G-H-I-J-K-L,A,G,E,K,I,H,J,L,https://en.wikipedia.org/wiki/Template:2026_FIFA_World_Cup_third-place_table
168,A-E-F-H-I-J-K-L,F,H,E,K,I,A,J,L,https://en.wikipedia.org/wiki/Template:2026_FIFA_World_Cup_third-place_table
169,A-E-F-G-I-J-K-L,F,G,E,K,I,A,J,L,https://en.wikipedia.org/wiki/Template:2026_FIFA_World_Cup_third-place_table
170,A-E-F-G-H-J-K-L,F,H,E,K,J,A,G,L,https://en.wikipedia.org/wiki/Template:2026_FIFA_World_Cup_third-place_table
171,A-E-F-G-H-I-K-L,F,H,E,K,I,A,G,L,https://en.wikipedia.org/wiki/Template:2026_FIFA_World_Cup_third-place_table
172,A-E-F-G-H-I-J-L,F,H,E,I,J,A,G,L,https://en.wikipedia.org/wiki/Template:2026_FIFA_World_Cup_third-place_table
173,A-E-F-G-H-I-J-K,F,H,E,K,J,A,G,I,https://en.wikipedia.org/wiki/Template:2026_FIFA_World_Cup_third-place_table
174,A-D-G-H-I-J-K-L,D,G,H,K,I,A,J,L,https://en.wikipedia.org/wiki/Template:2026_FIFA_World_Cup_third-place_table
175,A-D-F-H-I-J-K-L,D,F,H,K,I,A,J,L,https://en.wikipedia.org/wiki/Template:2026_FIFA_World_Cup_third-place_table
176,A-D-F-G-I-J-K-L,D,F,I,K,J,A,G,L,https://en.wikipedia.org/wiki/Template:2026_FIFA_World_Cup_third-place_table
177,A-D-F-G-H-J-K-L,D,F,H,K,J,A,G,L,https://en.wikipedia.org/wiki/Template:2026_FIFA_World_Cup_third-place_table
178,A-D-F-G-H-I-K-L,D,F,H,K,I,A,G,L,https://en.wikipedia.org/wiki/Template:2026_FIFA_World_Cup_third-place_table
179,A-D-F-G-H-I-J-L,D,F,H,I,J,A,G,L,https://en.wikipedia.org/wiki/Template:2026_FIFA_World_Cup_third-place_table
180,A-D-F-G-H-I-J-K,D,F,H,K,J,A,G,I,https://en.wikipedia.org/wiki/Template:2026_FIFA_World_Cup_third-place_table
181,A-D-E-H-I-J-K-L,D,H,E,K,I,A,J,L,https://en.wikipedia.org/wiki/Template:2026_FIFA_World_Cup_third-place_table
182,A-D-E-G-I-J-K-L,D,G,E,K,I,A,J,L,https://en.wikipedia.org/wiki/Template:2026_FIFA_World_Cup_third-place_table
183,A-D-E-G-H-J-K-L,D,H,E,K,J,A,G,L,https://en.wikipedia.org/wiki/Template:2026_FIFA_World_Cup_third-place_table
184,A-D-E-G-H-I-K-L,D,H,E,K,I,A,G,L,https://en.wikipedia.org/wiki/Template:2026_FIFA_World_Cup_third-place_table
185,A-D-E-G-H-I-J-L,D,H,E,I,J,A,G,L,https://en.wikipedia.org/wiki/Template:2026_FIFA_World_Cup_third-place_table
186,A-D-E-G-H-I-J-K,D,H,E,K,J,A,G,I,https://en.wikipedia.org/wiki/Template:2026_FIFA_World_Cup_third-place_table
187,A-D-E-F-I-J-K-L,D,F,E,K,I,A,J,L,https://en.wikipedia.org/wiki/Template:2026_FIFA_World_Cup_third-place_table
188,A-D-E-F-H-J-K-L,D,F,H,K,E,A,J,L,https://en.wikipedia.org/wiki/Template:2026_FIFA_World_Cup_third-place_table
189,A-D-E-F-H-I-K-L,D,F,H,K,I,A,E,L,https://en.wikipedia.org/wiki/Template:2026_FIFA_World_Cup_third-place_table
190,A-D-E-F-H-I-J-L,D,F,H,I,E,A,J,L,https://en.wikipedia.org/wiki/Template:2026_FIFA_World_Cup_third-place_table
191,A-D-E-F-H-I-J-K,D,F,H,K,E,A,J,I,https://en.wikipedia.org/wiki/Template:2026_FIFA_World_Cup_third-place_table
192,A-D-E-F-G-J-K-L,D,F,E,K,J,A,G,L,https://en.wikipedia.org/wiki/Template:2026_FIFA_World_Cup_third-place_table
193,A-D-E-F-G-I-K-L,D,F,E,K,I,A,G,L,https://en.wikipedia.org/wiki/Template:2026_FIFA_World_Cup_third-place_table
194,A-D-E-F-G-I-J-L,D,F,E,I,J,A,G,L,https://en.wikipedia.org/wiki/Template:2026_FIFA_World_Cup_third-place_table
195,A-D-E-F-G-I-J-K,D,F,E,K,J,A,G,I,https://en.wikipedia.org/wiki/Template:2026_FIFA_World_Cup_third-place_table
196,A-D-E-F-G-H-K-L,D,F,H,K,E,A,G,L,https://en.wikipedia.org/wiki/Template:2026_FIFA_World_Cup_third-place_table
197,A-D-E-F-G-H-J-L,D,F,H,E,J,A,G,L,https://en.wikipedia.org/wiki/Template:2026_FIFA_World_Cup_third-place_table
198,A-D-E-F-G-H-J-K,D,F,H,K,J,A,G,E,https://en.wikipedia.org/wiki/Template:2026_FIFA_World_Cup_third-place_table
199,A-D-E-F-G-H-I-L,D,F,H,I,E,A,G,L,https://en.wikipedia.org/wiki/Template:2026_FIFA_World_Cup_third-place_table
200,A-D-E-F-G-H-I-K,D,F,H,K,E,A,G,I,https://en.wikipedia.org/wiki/Template:2026_FIFA_World_Cup_third-place_table
201,A-D-E-F-G-H-I-J,D,F,H,I,J,A,G,E,https://en.wikipedia.org/wiki/Template:2026_FIFA_World_Cup_third-place_table
202,A-C-G-H-I-J-K-L,C,G,H,K,I,A,J,L,https://en.wikipedia.org/wiki/Template:2026_FIFA_World_Cup_third-place_table
203,A-C-F-H-I-J-K-L,C,F,H,K,I,A,J,L,https://en.wikipedia.org/wiki/Template:2026_FIFA_World_Cup_third-place_table
204,A-C-F-G-I-J-K-L,C,F,I,K,J,A,G,L,https://en.wikipedia.org/wiki/Template:2026_FIFA_World_Cup_third-place_table
205,A-C-F-G-H-J-K-L,C,F,H,K,J,A,G,L,https://en.wikipedia.org/wiki/Template:2026_FIFA_World_Cup_third-place_table
206,A-C-F-G-H-I-K-L,C,F,H,K,I,A,G,L,https://en.wikipedia.org/wiki/Template:2026_FIFA_World_Cup_third-place_table
207,A-C-F-G-H-I-J-L,C,F,H,I,J,A,G,L,https://en.wikipedia.org/wiki/Template:2026_FIFA_World_Cup_third-place_table
208,A-C-F-G-H-I-J-K,C,F,H,K,J,A,G,I,https://en.wikipedia.org/wiki/Template:2026_FIFA_World_Cup_third-place_table
209,A-C-E-H-I-J-K-L,C,H,E,K,I,A,J,L,https://en.wikipedia.org/wiki/Template:2026_FIFA_World_Cup_third-place_table
210,A-C-E-G-I-J-K-L,C,G,E,K,I,A,J,L,https://en.wikipedia.org/wiki/Template:2026_FIFA_World_Cup_third-place_table
211,A-C-E-G-H-J-K-L,C,H,E,K,J,A,G,L,https://en.wikipedia.org/wiki/Template:2026_FIFA_World_Cup_third-place_table
212,A-C-E-G-H-I-K-L,C,H,E,K,I,A,G,L,https://en.wikipedia.org/wiki/Template:2026_FIFA_World_Cup_third-place_table
213,A-C-E-G-H-I-J-L,C,H,E,I,J,A,G,L,https://en.wikipedia.org/wiki/Template:2026_FIFA_World_Cup_third-place_table
214,A-C-E-G-H-I-J-K,C,H,E,K,J,A,G,I,https://en.wikipedia.org/wiki/Template:2026_FIFA_World_Cup_third-place_table
215,A-C-E-F-I-J-K-L,C,F,E,K,I,A,J,L,https://en.wikipedia.org/wiki/Template:2026_FIFA_World_Cup_third-place_table
216,A-C-E-F-H-J-K-L,C,F,H,K,E,A,J,L,https://en.wikipedia.org/wiki/Template:2026_FIFA_World_Cup_third-place_table
217,A-C-E-F-H-I-K-L,C,F,H,K,I,A,E,L,https://en.wikipedia.org/wiki/Template:2026_FIFA_World_Cup_third-place_table
218,A-C-E-F-H-I-J-L,C,F,H,I,E,A,J,L,https://en.wikipedia.org/wiki/Template:2026_FIFA_World_Cup_third-place_table
219,A-C-E-F-H-I-J-K,C,F,H,K,E,A,J,I,https://en.wikipedia.org/wiki/Template:2026_FIFA_World_Cup_third-place_table
220,A-C-E-F-G-J-K-L,C,F,E,K,J,A,G,L,https://en.wikipedia.org/wiki/Template:2026_FIFA_World_Cup_third-place_table
221,A-C-E-F-G-I-K-L,C,F,E,K,I,A,G,L,https://en.wikipedia.org/wiki/Template:2026_FIFA_World_Cup_third-place_table
222,A-C-E-F-G-I-J-L,C,F,E,I,J,A,G,L,https://en.wikipedia.org/wiki/Template:2026_FIFA_World_Cup_third-place_table
223,A-C-E-F-G-I-J-K,C,F,E,K,J,A,G,I,https://en.wikipedia.org/wiki/Template:2026_FIFA_World_Cup_third-place_table
224,A-C-E-F-G-H-K-L,C,F,H,K,E,A,G,L,https://en.wikipedia.org/wiki/Template:2026_FIFA_World_Cup_third-place_table
225,A-C-E-F-G-H-J-L,C,F,H,E,J,A,G,L,https://en.wikipedia.org/wiki/Template:2026_FIFA_World_Cup_third-place_table
226,A-C-E-F-G-H-J-K,C,F,H,K,J,A,G,E,https://en.wikipedia.org/wiki/Template:2026_FIFA_World_Cup_third-place_table
227,A-C-E-F-G-H-I-L,C,F,H,I,E,A,G,L,https://en.wikipedia.org/wiki/Template:2026_FIFA_World_Cup_third-place_table
228,A-C-E-F-G-H-I-K,C,F,H,K,E,A,G,I,https://en.wikipedia.org/wiki/Template:2026_FIFA_World_Cup_third-place_table
229,A-C-E-F-G-H-I-J,C,F,H,I,J,A,G,E,https://en.wikipedia.org/wiki/Template:2026_FIFA_World_Cup_third-place_table
230,A-C-D-H-I-J-K-L,C,D,H,K,I,A,J,L,https://en.wikipedia.org/wiki/Template:2026_FIFA_World_Cup_third-place_table
231,A-C-D-G-I-J-K-L,C,D,I,K,J,A,G,L,https://en.wikipedia.org/wiki/Template:2026_FIFA_World_Cup_third-place_table
232,A-C-D-G-H-J-K-L,C,D,H,K,J,A,G,L,https://en.wikipedia.org/wiki/Template:2026_FIFA_World_Cup_third-place_table
233,A-C-D-G-H-I-K-L,C,D,H,K,I,A,G,L,https://en.wikipedia.org/wiki/Template:2026_FIFA_World_Cup_third-place_table
234,A-C-D-G-H-I-J-L,C,D,H,I,J,A,G,L,https://en.wikipedia.org/wiki/Template:2026_FIFA_World_Cup_third-place_table
235,A-C-D-G-H-I-J-K,C,D,H,K,J,A,G,I,https://en.wikipedia.org/wiki/Template:2026_FIFA_World_Cup_third-place_table
236,A-C-D-F-I-J-K-L,D,F,C,K,I,A,J,L,https://en.wikipedia.org/wiki/Template:2026_FIFA_World_Cup_third-place_table
237,A-C-D-F-H-J-K-L,C,D,H,K,F,A,J,L,https://en.wikipedia.org/wiki/Template:2026_FIFA_World_Cup_third-place_table
238,A-C-D-F-H-I-K-L,C,D,H,K,I,A,F,L,https://en.wikipedia.org/wiki/Template:2026_FIFA_World_Cup_third-place_table
239,A-C-D-F-H-I-J-L,C,D,H,I,F,A,J,L,https://en.wikipedia.org/wiki/Template:2026_FIFA_World_Cup_third-place_table
240,A-C-D-F-H-I-J-K,C,D,H,K,F,A,J,I,https://en.wikipedia.org/wiki/Template:2026_FIFA_World_Cup_third-place_table
241,A-C-D-F-G-J-K-L,D,F,C,K,J,A,G,L,https://en.wikipedia.org/wiki/Template:2026_FIFA_World_Cup_third-place_table
242,A-C-D-F-G-I-K-L,D,F,C,K,I,A,G,L,https://en.wikipedia.org/wiki/Template:2026_FIFA_World_Cup_third-place_table
243,A-C-D-F-G-I-J-L,D,F,C,I,J,A,G,L,https://en.wikipedia.org/wiki/Template:2026_FIFA_World_Cup_third-place_table
244,A-C-D-F-G-I-J-K,D,F,C,K,J,A,G,I,https://en.wikipedia.org/wiki/Template:2026_FIFA_World_Cup_third-place_table
245,A-C-D-F-G-H-K-L,C,D,H,K,F,A,G,L,https://en.wikipedia.org/wiki/Template:2026_FIFA_World_Cup_third-place_table
246,A-C-D-F-G-H-J-L,D,F,C,H,J,A,G,L,https://en.wikipedia.org/wiki/Template:2026_FIFA_World_Cup_third-place_table
247,A-C-D-F-G-H-J-K,C,F,H,K,J,A,G,D,https://en.wikipedia.org/wiki/Template:2026_FIFA_World_Cup_third-place_table
248,A-C-D-F-G-H-I-L,C,D,H,I,F,A,G,L,https://en.wikipedia.org/wiki/Template:2026_FIFA_World_Cup_third-place_table
249,A-C-D-F-G-H-I-K,C,D,H,K,F,A,G,I,https://en.wikipedia.org/wiki/Template:2026_FIFA_World_Cup_third-place_table
250,A-C-D-F-G-H-I-J,C,F,H,I,J,A,G,D,https://en.wikipedia.org/wiki/Template:2026_FIFA_World_Cup_third-place_table
251,A-C-D-E-I-J-K-L,C,D,E,K,I,A,J,L,https://en.wikipedia.org/wiki/Template:2026_FIFA_World_Cup_third-place_table
252,A-C-D-E-H-J-K-L,C,D,H,K,E,A,J,L,https://en.wikipedia.org/wiki/Template:2026_FIFA_World_Cup_third-place_table
253,A-C-D-E-H-I-K-L,C,D,H,K,I,A,E,L,https://en.wikipedia.org/wiki/Template:2026_FIFA_World_Cup_third-place_table
254,A-C-D-E-H-I-J-L,C,D,H,I,E,A,J,L,https://en.wikipedia.org/wiki/Template:2026_FIFA_World_Cup_third-place_table
255,A-C-D-E-H-I-J-K,C,D,H,K,E,A,J,I,https://en.wikipedia.org/wiki/Template:2026_FIFA_World_Cup_third-place_table
256,A-C-D-E-G-J-K-L,C,D,E,K,J,A,G,L,https://en.wikipedia.org/wiki/Template:2026_FIFA_World_Cup_third-place_table
257,A-C-D-E-G-I-K-L,C,D,E,K,I,A,G,L,https://en.wikipedia.org/wiki/Template:2026_FIFA_World_Cup_third-place_table
258,A-C-D-E-G-I-J-L,C,D,E,I,J,A,G,L,https://en.wikipedia.org/wiki/Template:2026_FIFA_World_Cup_third-place_table
259,A-C-D-E-G-I-J-K,C,D,E,K,J,A,G,I,https://en.wikipedia.org/wiki/Template:2026_FIFA_World_Cup_third-place_table
260,A-C-D-E-G-H-K-L,C,D,H,K,E,A,G,L,https://en.wikipedia.org/wiki/Template:2026_FIFA_World_Cup_third-place_table
261,A-C-D-E-G-H-J-L,C,D,H,E,J,A,G,L,https://en.wikipedia.org/wiki/Template:2026_FIFA_World_Cup_third-place_table
262,A-C-D-E-G-H-J-K,C,D,H,K,J,A,G,E,https://en.wikipedia.org/wiki/Template:2026_FIFA_World_Cup_third-place_table
263,A-C-D-E-G-H-I-L,C,D,H,I,E,A,G,L,https://en.wikipedia.org/wiki/Template:2026_FIFA_World_Cup_third-place_table
264,A-C-D-E-G-H-I-K,C,D,H,K,E,A,G,I,https://en.wikipedia.org/wiki/Template:2026_FIFA_World_Cup_third-place_table
265,A-C-D-E-G-H-I-J,C,D,H,I,J,A,G,E,https://en.wikipedia.org/wiki/Template:2026_FIFA_World_Cup_third-place_table
266,A-C-D-E-F-J-K-L,D,F,C,K,E,A,J,L,https://en.wikipedia.org/wiki/Template:2026_FIFA_World_Cup_third-place_table
267,A-C-D-E-F-I-K-L,D,F,C,K,I,A,E,L,https://en.wikipedia.org/wiki/Template:2026_FIFA_World_Cup_third-place_table
268,A-C-D-E-F-I-J-L,D,F,C,I,E,A,J,L,https://en.wikipedia.org/wiki/Template:2026_FIFA_World_Cup_third-place_table
269,A-C-D-E-F-I-J-K,D,F,C,K,E,A,J,I,https://en.wikipedia.org/wiki/Template:2026_FIFA_World_Cup_third-place_table
270,A-C-D-E-F-H-K-L,C,D,H,K,F,A,E,L,https://en.wikipedia.org/wiki/Template:2026_FIFA_World_Cup_third-place_table
271,A-C-D-E-F-H-J-L,C,D,H,E,F,A,J,L,https://en.wikipedia.org/wiki/Template:2026_FIFA_World_Cup_third-place_table
272,A-C-D-E-F-H-J-K,C,F,H,K,E,A,J,D,https://en.wikipedia.org/wiki/Template:2026_FIFA_World_Cup_third-place_table
273,A-C-D-E-F-H-I-L,C,D,H,I,F,A,E,L,https://en.wikipedia.org/wiki/Template:2026_FIFA_World_Cup_third-place_table
274,A-C-D-E-F-H-I-K,C,D,H,K,F,A,E,I,https://en.wikipedia.org/wiki/Template:2026_FIFA_World_Cup_third-place_table
275,A-C-D-E-F-H-I-J,C,F,H,I,E,A,J,D,https://en.wikipedia.org/wiki/Template:2026_FIFA_World_Cup_third-place_table
276,A-C-D-E-F-G-K-L,D,F,C,K,E,A,G,L,https://en.wikipedia.org/wiki/Template:2026_FIFA_World_Cup_third-place_table
277,A-C-D-E-F-G-J-L,D,F,C,E,J,A,G,L,https://en.wikipedia.org/wiki/Template:2026_FIFA_World_Cup_third-place_table
278,A-C-D-E-F-G-J-K,D,F,C,K,J,A,G,E,https://en.wikipedia.org/wiki/Template:2026_FIFA_World_Cup_third-place_table
279,A-C-D-E-F-G-I-L,D,F,C,I,E,A,G,L,https://en.wikipedia.org/wiki/Template:2026_FIFA_World_Cup_third-place_table
280,A-C-D-E-F-G-I-K,D,F,C,K,E,A,G,I,https://en.wikipedia.org/wiki/Template:2026_FIFA_World_Cup_third-place_table
281,A-C-D-E-F-G-I-J,D,F,C,I,J,A,G,E,https://en.wikipedia.org/wiki/Template:2026_FIFA_World_Cup_third-place_table
282,A-C-D-E-F-G-H-L,C,D,H,E,F,A,G,L,https://en.wikipedia.org/wiki/Template:2026_FIFA_World_Cup_third-place_table
283,A-C-D-E-F-G-H-K,C,F,H,K,E,A,G,D,https://en.wikipedia.org/wiki/Template:2026_FIFA_World_Cup_third-place_table
284,A-C-D-E-F-G-H-J,C,F,H,E,J,A,G,D,https://en.wikipedia.org/wiki/Template:2026_FIFA_World_Cup_third-place_table
285,A-C-D-E-F-G-H-I,C,F,H,I,E,A,G,D,https://en.wikipedia.org/wiki/Template:2026_FIFA_World_Cup_third-place_table
286,A-B-G-H-I-J-K-L,A,G,H,K,B,I,J,L,https://en.wikipedia.org/wiki/Template:2026_FIFA_World_Cup_third-place_table
287,A-B-F-H-I-J-K-L,A,F,H,K,B,I,J,L,https://en.wikipedia.org/wiki/Template:2026_FIFA_World_Cup_third-place_table
288,A-B-F-G-I-J-K-L,F,G,I,K,B,A,J,L,https://en.wikipedia.org/wiki/Template:2026_FIFA_World_Cup_third-place_table
289,A-B-F-G-H-J-K-L,F,G,H,K,B,A,J,L,https://en.wikipedia.org/wiki/Template:2026_FIFA_World_Cup_third-place_table
290,A-B-F-G-H-I-K-L,A,F,H,K,B,I,G,L,https://en.wikipedia.org/wiki/Template:2026_FIFA_World_Cup_third-place_table
291,A-B-F-G-H-I-J-L,F,G,H,I,B,A,J,L,https://en.wikipedia.org/wiki/Template:2026_FIFA_World_Cup_third-place_table
292,A-B-F-G-H-I-J-K,F,G,H,K,B,A,J,I,https://en.wikipedia.org/wiki/Template:2026_FIFA_World_Cup_third-place_table
293,A-B-E-H-I-J-K-L,A,H,E,K,B,I,J,L,https://en.wikipedia.org/wiki/Template:2026_FIFA_World_Cup_third-place_table
294,A-B-E-G-I-J-K-L,A,G,E,K,B,I,J,L,https://en.wikipedia.org/wiki/Template:2026_FIFA_World_Cup_third-place_table
295,A-B-E-G-H-J-K-L,A,G,E,K,B,H,J,L,https://en.wikipedia.org/wiki/Template:2026_FIFA_World_Cup_third-place_table
296,A-B-E-G-H-I-K-L,A,H,E,K,B,I,G,L,https://en.wikipedia.org/wiki/Template:2026_FIFA_World_Cup_third-place_table
297,A-B-E-G-H-I-J-L,A,G,E,I,B,H,J,L,https://en.wikipedia.org/wiki/Template:2026_FIFA_World_Cup_third-place_table
298,A-B-E-G-H-I-J-K,A,G,E,K,B,H,J,I,https://en.wikipedia.org/wiki/Template:2026_FIFA_World_Cup_third-place_table
299,A-B-E-F-I-J-K-L,A,F,E,K,B,I,J,L,https://en.wikipedia.org/wiki/Template:2026_FIFA_World_Cup_third-place_table
300,A-B-E-F-H-J-K-L,F,H,E,K,B,A,J,L,https://en.wikipedia.org/wiki/Template:2026_FIFA_World_Cup_third-place_table
301,A-B-E-F-H-I-K-L,F,H,E,K,B,A,I,L,https://en.wikipedia.org/wiki/Template:2026_FIFA_World_Cup_third-place_table
302,A-B-E-F-H-I-J-L,F,H,E,I,B,A,J,L,https://en.wikipedia.org/wiki/Template:2026_FIFA_World_Cup_third-place_table
303,A-B-E-F-H-I-J-K,F,H,E,K,B,A,J,I,https://en.wikipedia.org/wiki/Template:2026_FIFA_World_Cup_third-place_table
304,A-B-E-F-G-J-K-L,F,G,E,K,B,A,J,L,https://en.wikipedia.org/wiki/Template:2026_FIFA_World_Cup_third-place_table
305,A-B-E-F-G-I-K-L,A,F,E,K,B,I,G,L,https://en.wikipedia.org/wiki/Template:2026_FIFA_World_Cup_third-place_table
306,A-B-E-F-G-I-J-L,F,G,E,I,B,A,J,L,https://en.wikipedia.org/wiki/Template:2026_FIFA_World_Cup_third-place_table
307,A-B-E-F-G-I-J-K,F,G,E,K,B,A,J,I,https://en.wikipedia.org/wiki/Template:2026_FIFA_World_Cup_third-place_table
308,A-B-E-F-G-H-K-L,F,H,E,K,B,A,G,L,https://en.wikipedia.org/wiki/Template:2026_FIFA_World_Cup_third-place_table
309,A-B-E-F-G-H-J-L,F,G,H,E,B,A,J,L,https://en.wikipedia.org/wiki/Template:2026_FIFA_World_Cup_third-place_table
310,A-B-E-F-G-H-J-K,F,G,H,K,B,A,J,E,https://en.wikipedia.org/wiki/Template:2026_FIFA_World_Cup_third-place_table
311,A-B-E-F-G-H-I-L,F,H,E,I,B,A,G,L,https://en.wikipedia.org/wiki/Template:2026_FIFA_World_Cup_third-place_table
312,A-B-E-F-G-H-I-K,F,H,E,K,B,A,G,I,https://en.wikipedia.org/wiki/Template:2026_FIFA_World_Cup_third-place_table
313,A-B-E-F-G-H-I-J,F,G,H,I,B,A,J,E,https://en.wikipedia.org/wiki/Template:2026_FIFA_World_Cup_third-place_table
314,A-B-D-H-I-J-K-L,D,H,I,K,B,A,J,L,https://en.wikipedia.org/wiki/Template:2026_FIFA_World_Cup_third-place_table
315,A-B-D-G-I-J-K-L,D,G,I,K,B,A,J,L,https://en.wikipedia.org/wiki/Template:2026_FIFA_World_Cup_third-place_table
316,A-B-D-G-H-J-K-L,D,G,H,K,B,A,J,L,https://en.wikipedia.org/wiki/Template:2026_FIFA_World_Cup_third-place_table
317,A-B-D-G-H-I-K-L,D,H,I,K,B,A,G,L,https://en.wikipedia.org/wiki/Template:2026_FIFA_World_Cup_third-place_table
318,A-B-D-G-H-I-J-L,D,G,H,I,B,A,J,L,https://en.wikipedia.org/wiki/Template:2026_FIFA_World_Cup_third-place_table
319,A-B-D-G-H-I-J-K,D,G,H,K,B,A,J,I,https://en.wikipedia.org/wiki/Template:2026_FIFA_World_Cup_third-place_table
320,A-B-D-F-I-J-K-L,D,F,I,K,B,A,J,L,https://en.wikipedia.org/wiki/Template:2026_FIFA_World_Cup_third-place_table
321,A-B-D-F-H-J-K-L,D,F,H,K,B,A,J,L,https://en.wikipedia.org/wiki/Template:2026_FIFA_World_Cup_third-place_table
322,A-B-D-F-H-I-K-L,D,F,H,K,B,A,I,L,https://en.wikipedia.org/wiki/Template:2026_FIFA_World_Cup_third-place_table
323,A-B-D-F-H-I-J-L,D,F,H,I,B,A,J,L,https://en.wikipedia.org/wiki/Template:2026_FIFA_World_Cup_third-place_table
324,A-B-D-F-H-I-J-K,D,F,H,K,B,A,J,I,https://en.wikipedia.org/wiki/Template:2026_FIFA_World_Cup_third-place_table
325,A-B-D-F-G-J-K-L,D,G,F,K,B,A,J,L,https://en.wikipedia.org/wiki/Template:2026_FIFA_World_Cup_third-place_table
326,A-B-D-F-G-I-K-L,D,F,I,K,B,A,G,L,https://en.wikipedia.org/wiki/Template:2026_FIFA_World_Cup_third-place_table
327,A-B-D-F-G-I-J-L,D,G,F,I,B,A,J,L,https://en.wikipedia.org/wiki/Template:2026_FIFA_World_Cup_third-place_table
328,A-B-D-F-G-I-J-K,D,G,F,K,B,A,J,I,https://en.wikipedia.org/wiki/Template:2026_FIFA_World_Cup_third-place_table
329,A-B-D-F-G-H-K-L,D,F,H,K,B,A,G,L,https://en.wikipedia.org/wiki/Template:2026_FIFA_World_Cup_third-place_table
330,A-B-D-F-G-H-J-L,D,F,H,J,B,A,G,L,https://en.wikipedia.org/wiki/Template:2026_FIFA_World_Cup_third-place_table
331,A-B-D-F-G-H-J-K,D,F,H,K,B,A,G,J,https://en.wikipedia.org/wiki/Template:2026_FIFA_World_Cup_third-place_table
332,A-B-D-F-G-H-I-L,D,F,H,I,B,A,G,L,https://en.wikipedia.org/wiki/Template:2026_FIFA_World_Cup_third-place_table
333,A-B-D-F-G-H-I-K,D,F,H,K,B,A,G,I,https://en.wikipedia.org/wiki/Template:2026_FIFA_World_Cup_third-place_table
334,A-B-D-F-G-H-I-J,D,F,H,J,B,A,G,I,https://en.wikipedia.org/wiki/Template:2026_FIFA_World_Cup_third-place_table
335,A-B-D-E-I-J-K-L,A,D,E,K,B,I,J,L,https://en.wikipedia.org/wiki/Template:2026_FIFA_World_Cup_third-place_table
336,A-B-D-E-H-J-K-L,D,H,E,K,B,A,J,L,https://en.wikipedia.org/wiki/Template:2026_FIFA_World_Cup_third-place_table
337,A-B-D-E-H-I-K-L,D,H,E,K,B,A,I,L,https://en.wikipedia.org/wiki/Template:2026_FIFA_World_Cup_third-place_table
338,A-B-D-E-H-I-J-L,D,H,E,I,B,A,J,L,https://en.wikipedia.org/wiki/Template:2026_FIFA_World_Cup_third-place_table
339,A-B-D-E-H-I-J-K,D,H,E,K,B,A,J,I,https://en.wikipedia.org/wiki/Template:2026_FIFA_World_Cup_third-place_table
340,A-B-D-E-G-J-K-L,D,G,E,K,B,A,J,L,https://en.wikipedia.org/wiki/Template:2026_FIFA_World_Cup_third-place_table
341,A-B-D-E-G-I-K-L,A,D,E,K,B,I,G,L,https://en.wikipedia.org/wiki/Template:2026_FIFA_World_Cup_third-place_table
342,A-B-D-E-G-I-J-L,D,G,E,I,B,A,J,L,https://en.wikipedia.org/wiki/Template:2026_FIFA_World_Cup_third-place_table
343,A-B-D-E-G-I-J-K,D,G,E,K,B,A,J,I,https://en.wikipedia.org/wiki/Template:2026_FIFA_World_Cup_third-place_table
344,A-B-D-E-G-H-K-L,D,H,E,K,B,A,G,L,https://en.wikipedia.org/wiki/Template:2026_FIFA_World_Cup_third-place_table
345,A-B-D-E-G-H-J-L,D,G,H,E,B,A,J,L,https://en.wikipedia.org/wiki/Template:2026_FIFA_World_Cup_third-place_table
346,A-B-D-E-G-H-J-K,D,G,H,K,B,A,J,E,https://en.wikipedia.org/wiki/Template:2026_FIFA_World_Cup_third-place_table
347,A-B-D-E-G-H-I-L,D,H,E,I,B,A,G,L,https://en.wikipedia.org/wiki/Template:2026_FIFA_World_Cup_third-place_table
348,A-B-D-E-G-H-I-K,D,H,E,K,B,A,G,I,https://en.wikipedia.org/wiki/Template:2026_FIFA_World_Cup_third-place_table
349,A-B-D-E-G-H-I-J,D,G,H,I,B,A,J,E,https://en.wikipedia.org/wiki/Template:2026_FIFA_World_Cup_third-place_table
350,A-B-D-E-F-J-K-L,D,F,E,K,B,A,J,L,https://en.wikipedia.org/wiki/Template:2026_FIFA_World_Cup_third-place_table
351,A-B-D-E-F-I-K-L,D,F,E,K,B,A,I,L,https://en.wikipedia.org/wiki/Template:2026_FIFA_World_Cup_third-place_table
352,A-B-D-E-F-I-J-L,D,F,E,I,B,A,J,L,https://en.wikipedia.org/wiki/Template:2026_FIFA_World_Cup_third-place_table
353,A-B-D-E-F-I-J-K,D,F,E,K,B,A,J,I,https://en.wikipedia.org/wiki/Template:2026_FIFA_World_Cup_third-place_table
354,A-B-D-E-F-H-K-L,D,F,H,K,B,A,E,L,https://en.wikipedia.org/wiki/Template:2026_FIFA_World_Cup_third-place_table
355,A-B-D-E-F-H-J-L,D,F,H,E,B,A,J,L,https://en.wikipedia.org/wiki/Template:2026_FIFA_World_Cup_third-place_table
356,A-B-D-E-F-H-J-K,D,F,H,K,B,A,J,E,https://en.wikipedia.org/wiki/Template:2026_FIFA_World_Cup_third-place_table
357,A-B-D-E-F-H-I-L,D,F,H,I,B,A,E,L,https://en.wikipedia.org/wiki/Template:2026_FIFA_World_Cup_third-place_table
358,A-B-D-E-F-H-I-K,D,F,H,K,B,A,E,I,https://en.wikipedia.org/wiki/Template:2026_FIFA_World_Cup_third-place_table
359,A-B-D-E-F-H-I-J,D,F,H,I,B,A,J,E,https://en.wikipedia.org/wiki/Template:2026_FIFA_World_Cup_third-place_table
360,A-B-D-E-F-G-K-L,D,F,E,K,B,A,G,L,https://en.wikipedia.org/wiki/Template:2026_FIFA_World_Cup_third-place_table
361,A-B-D-E-F-G-J-L,D,F,E,J,B,A,G,L,https://en.wikipedia.org/wiki/Template:2026_FIFA_World_Cup_third-place_table
362,A-B-D-E-F-G-J-K,D,F,E,K,B,A,G,J,https://en.wikipedia.org/wiki/Template:2026_FIFA_World_Cup_third-place_table
363,A-B-D-E-F-G-I-L,D,F,E,I,B,A,G,L,https://en.wikipedia.org/wiki/Template:2026_FIFA_World_Cup_third-place_table
364,A-B-D-E-F-G-I-K,D,F,E,K,B,A,G,I,https://en.wikipedia.org/wiki/Template:2026_FIFA_World_Cup_third-place_table
365,A-B-D-E-F-G-I-J,D,F,E,J,B,A,G,I,https://en.wikipedia.org/wiki/Template:2026_FIFA_World_Cup_third-place_table
366,A-B-D-E-F-G-H-L,D,F,H,E,B,A,G,L,https://en.wikipedia.org/wiki/Template:2026_FIFA_World_Cup_third-place_table
367,A-B-D-E-F-G-H-K,D,F,H,K,B,A,G,E,https://en.wikipedia.org/wiki/Template:2026_FIFA_World_Cup_third-place_table
368,A-B-D-E-F-G-H-J,D,F,H,J,B,A,G,E,https://en.wikipedia.org/wiki/Template:2026_FIFA_World_Cup_third-place_table
369,A-B-D-E-F-G-H-I,D,F,H,I,B,A,G,E,https://en.wikipedia.org/wiki/Template:2026_FIFA_World_Cup_third-place_table
370,A-B-C-H-I-J-K-L,C,H,I,K,B,A,J,L,https://en.wikipedia.org/wiki/Template:2026_FIFA_World_Cup_third-place_table
371,A-B-C-G-I-J-K-L,C,G,I,K,B,A,J,L,https://en.wikipedia.org/wiki/Template:2026_FIFA_World_Cup_third-place_table
372,A-B-C-G-H-J-K-L,C,G,H,K,B,A,J,L,https://en.wikipedia.org/wiki/Template:2026_FIFA_World_Cup_third-place_table
373,A-B-C-G-H-I-K-L,C,H,I,K,B,A,G,L,https://en.wikipedia.org/wiki/Template:2026_FIFA_World_Cup_third-place_table
374,A-B-C-G-H-I-J-L,C,G,H,I,B,A,J,L,https://en.wikipedia.org/wiki/Template:2026_FIFA_World_Cup_third-place_table
375,A-B-C-G-H-I-J-K,C,G,H,K,B,A,J,I,https://en.wikipedia.org/wiki/Template:2026_FIFA_World_Cup_third-place_table
376,A-B-C-F-I-J-K-L,C,F,I,K,B,A,J,L,https://en.wikipedia.org/wiki/Template:2026_FIFA_World_Cup_third-place_table
377,A-B-C-F-H-J-K-L,C,F,H,K,B,A,J,L,https://en.wikipedia.org/wiki/Template:2026_FIFA_World_Cup_third-place_table
378,A-B-C-F-H-I-K-L,C,F,H,K,B,A,I,L,https://en.wikipedia.org/wiki/Template:2026_FIFA_World_Cup_third-place_table
379,A-B-C-F-H-I-J-L,C,F,H,I,B,A,J,L,https://en.wikipedia.org/wiki/Template:2026_FIFA_World_Cup_third-place_table
380,A-B-C-F-H-I-J-K,C,F,H,K,B,A,J,I,https://en.wikipedia.org/wiki/Template:2026_FIFA_World_Cup_third-place_table
381,A-B-C-F-G-J-K-L,F,G,C,K,B,A,J,L,https://en.wikipedia.org/wiki/Template:2026_FIFA_World_Cup_third-place_table
382,A-B-C-F-G-I-K-L,C,F,I,K,B,A,G,L,https://en.wikipedia.org/wiki/Template:2026_FIFA_World_Cup_third-place_table
383,A-B-C-F-G-I-J-L,F,G,C,I,B,A,J,L,https://en.wikipedia.org/wiki/Template:2026_FIFA_World_Cup_third-place_table
384,A-B-C-F-G-I-J-K,F,G,C,K,B,A,J,I,https://en.wikipedia.org/wiki/Template:2026_FIFA_World_Cup_third-place_table
385,A-B-C-F-G-H-K-L,C,F,H,K,B,A,G,L,https://en.wikipedia.org/wiki/Template:2026_FIFA_World_Cup_third-place_table
386,A-B-C-F-G-H-J-L,C,F,H,J,B,A,G,L,https://en.wikipedia.org/wiki/Template:2026_FIFA_World_Cup_third-place_table
387,A-B-C-F-G-H-J-K,C,F,H,K,B,A,G,J,https://en.wikipedia.org/wiki/Template:2026_FIFA_World_Cup_third-place_table
388,A-B-C-F-G-H-I-L,C,F,H,I,B,A,G,L,https://en.wikipedia.org/wiki/Template:2026_FIFA_World_Cup_third-place_table
389,A-B-C-F-G-H-I-K,C,F,H,K,B,A,G,I,https://en.wikipedia.org/wiki/Template:2026_FIFA_World_Cup_third-place_table
390,A-B-C-F-G-H-I-J,C,F,H,J,B,A,G,I,https://en.wikipedia.org/wiki/Template:2026_FIFA_World_Cup_third-place_table
391,A-B-C-E-I-J-K-L,A,C,E,K,B,I,J,L,https://en.wikipedia.org/wiki/Template:2026_FIFA_World_Cup_third-place_table
392,A-B-C-E-H-J-K-L,C,H,E,K,B,A,J,L,https://en.wikipedia.org/wiki/Template:2026_FIFA_World_Cup_third-place_table
393,A-B-C-E-H-I-K-L,C,H,E,K,B,A,I,L,https://en.wikipedia.org/wiki/Template:2026_FIFA_World_Cup_third-place_table
394,A-B-C-E-H-I-J-L,C,H,E,I,B,A,J,L,https://en.wikipedia.org/wiki/Template:2026_FIFA_World_Cup_third-place_table
395,A-B-C-E-H-I-J-K,C,H,E,K,B,A,J,I,https://en.wikipedia.org/wiki/Template:2026_FIFA_World_Cup_third-place_table
396,A-B-C-E-G-J-K-L,C,G,E,K,B,A,J,L,https://en.wikipedia.org/wiki/Template:2026_FIFA_World_Cup_third-place_table
397,A-B-C-E-G-I-K-L,A,C,E,K,B,I,G,L,https://en.wikipedia.org/wiki/Template:2026_FIFA_World_Cup_third-place_table
398,A-B-C-E-G-I-J-L,C,G,E,I,B,A,J,L,https://en.wikipedia.org/wiki/Template:2026_FIFA_World_Cup_third-place_table
399,A-B-C-E-G-I-J-K,C,G,E,K,B,A,J,I,https://en.wikipedia.org/wiki/Template:2026_FIFA_World_Cup_third-place_table
400,A-B-C-E-G-H-K-L,C,H,E,K,B,A,G,L,https://en.wikipedia.org/wiki/Template:2026_FIFA_World_Cup_third-place_table
401,A-B-C-E-G-H-J-L,C,G,H,E,B,A,J,L,https://en.wikipedia.org/wiki/Template:2026_FIFA_World_Cup_third-place_table
402,A-B-C-E-G-H-J-K,C,G,H,K,B,A,J,E,https://en.wikipedia.org/wiki/Template:2026_FIFA_World_Cup_third-place_table
403,A-B-C-E-G-H-I-L,C,H,E,I,B,A,G,L,https://en.wikipedia.org/wiki/Template:2026_FIFA_World_Cup_third-place_table
404,A-B-C-E-G-H-I-K,C,H,E,K,B,A,G,I,https://en.wikipedia.org/wiki/Template:2026_FIFA_World_Cup_third-place_table
405,A-B-C-E-G-H-I-J,C,G,H,I,B,A,J,E,https://en.wikipedia.org/wiki/Template:2026_FIFA_World_Cup_third-place_table
406,A-B-C-E-F-J-K-L,C,F,E,K,B,A,J,L,https://en.wikipedia.org/wiki/Template:2026_FIFA_World_Cup_third-place_table
407,A-B-C-E-F-I-K-L,C,F,E,K,B,A,I,L,https://en.wikipedia.org/wiki/Template:2026_FIFA_World_Cup_third-place_table
408,A-B-C-E-F-I-J-L,C,F,E,I,B,A,J,L,https://en.wikipedia.org/wiki/Template:2026_FIFA_World_Cup_third-place_table
409,A-B-C-E-F-I-J-K,C,F,E,K,B,A,J,I,https://en.wikipedia.org/wiki/Template:2026_FIFA_World_Cup_third-place_table
410,A-B-C-E-F-H-K-L,C,F,H,K,B,A,E,L,https://en.wikipedia.org/wiki/Template:2026_FIFA_World_Cup_third-place_table
411,A-B-C-E-F-H-J-L,C,F,H,E,B,A,J,L,https://en.wikipedia.org/wiki/Template:2026_FIFA_World_Cup_third-place_table
412,A-B-C-E-F-H-J-K,C,F,H,K,B,A,J,E,https://en.wikipedia.org/wiki/Template:2026_FIFA_World_Cup_third-place_table
413,A-B-C-E-F-H-I-L,C,F,H,I,B,A,E,L,https://en.wikipedia.org/wiki/Template:2026_FIFA_World_Cup_third-place_table
414,A-B-C-E-F-H-I-K,C,F,H,K,B,A,E,I,https://en.wikipedia.org/wiki/Template:2026_FIFA_World_Cup_third-place_table
415,A-B-C-E-F-H-I-J,C,F,H,I,B,A,J,E,https://en.wikipedia.org/wiki/Template:2026_FIFA_World_Cup_third-place_table
416,A-B-C-E-F-G-K-L,C,F,E,K,B,A,G,L,https://en.wikipedia.org/wiki/Template:2026_FIFA_World_Cup_third-place_table
417,A-B-C-E-F-G-J-L,C,F,E,J,B,A,G,L,https://en.wikipedia.org/wiki/Template:2026_FIFA_World_Cup_third-place_table
418,A-B-C-E-F-G-J-K,C,F,E,K,B,A,G,J,https://en.wikipedia.org/wiki/Template:2026_FIFA_World_Cup_third-place_table
419,A-B-C-E-F-G-I-L,C,F,E,I,B,A,G,L,https://en.wikipedia.org/wiki/Template:2026_FIFA_World_Cup_third-place_table
420,A-B-C-E-F-G-I-K,C,F,E,K,B,A,G,I,https://en.wikipedia.org/wiki/Template:2026_FIFA_World_Cup_third-place_table
421,A-B-C-E-F-G-I-J,C,F,E,J,B,A,G,I,https://en.wikipedia.org/wiki/Template:2026_FIFA_World_Cup_third-place_table
422,A-B-C-E-F-G-H-L,C,F,H,E,B,A,G,L,https://en.wikipedia.org/wiki/Template:2026_FIFA_World_Cup_third-place_table
423,A-B-C-E-F-G-H-K,C,F,H,K,B,A,G,E,https://en.wikipedia.org/wiki/Template:2026_FIFA_World_Cup_third-place_table
424,A-B-C-E-F-G-H-J,C,F,H,J,B,A,G,E,https://en.wikipedia.org/wiki/Template:2026_FIFA_World_Cup_third-place_table
425,A-B-C-E-F-G-H-I,C,F,H,I,B,A,G,E,https://en.wikipedia.org/wiki/Template:2026_FIFA_World_Cup_third-place_table
426,A-B-C-D-I-J-K-L,C,D,I,K,B,A,J,L,https://en.wikipedia.org/wiki/Template:2026_FIFA_World_Cup_third-place_table
427,A-B-C-D-H-J-K-L,C,D,H,K,B,A,J,L,https://en.wikipedia.org/wiki/Template:2026_FIFA_World_Cup_third-place_table
428,A-B-C-D-H-I-K-L,C,D,H,K,B,A,I,L,https://en.wikipedia.org/wiki/Template:2026_FIFA_World_Cup_third-place_table
429,A-B-C-D-H-I-J-L,C,D,H,I,B,A,J,L,https://en.wikipedia.org/wiki/Template:2026_FIFA_World_Cup_third-place_table
430,A-B-C-D-H-I-J-K,C,D,H,K,B,A,J,I,https://en.wikipedia.org/wiki/Template:2026_FIFA_World_Cup_third-place_table
431,A-B-C-D-G-J-K-L,D,G,C,K,B,A,J,L,https://en.wikipedia.org/wiki/Template:2026_FIFA_World_Cup_third-place_table
432,A-B-C-D-G-I-K-L,C,D,I,K,B,A,G,L,https://en.wikipedia.org/wiki/Template:2026_FIFA_World_Cup_third-place_table
433,A-B-C-D-G-I-J-L,D,G,C,I,B,A,J,L,https://en.wikipedia.org/wiki/Template:2026_FIFA_World_Cup_third-place_table
434,A-B-C-D-G-I-J-K,D,G,C,K,B,A,J,I,https://en.wikipedia.org/wiki/Template:2026_FIFA_World_Cup_third-place_table
435,A-B-C-D-G-H-K-L,C,D,H,K,B,A,G,L,https://en.wikipedia.org/wiki/Template:2026_FIFA_World_Cup_third-place_table
436,A-B-C-D-G-H-J-L,C,D,H,J,B,A,G,L,https://en.wikipedia.org/wiki/Template:2026_FIFA_World_Cup_third-place_table
437,A-B-C-D-G-H-J-K,C,D,H,K,B,A,G,J,https://en.wikipedia.org/wiki/Template:2026_FIFA_World_Cup_third-place_table
438,A-B-C-D-G-H-I-L,C,D,H,I,B,A,G,L,https://en.wikipedia.org/wiki/Template:2026_FIFA_World_Cup_third-place_table
439,A-B-C-D-G-H-I-K,C,D,H,K,B,A,G,I,https://en.wikipedia.org/wiki/Template:2026_FIFA_World_Cup_third-place_table
440,A-B-C-D-G-H-I-J,C,D,H,J,B,A,G,I,https://en.wikipedia.org/wiki/Template:2026_FIFA_World_Cup_third-place_table
441,A-B-C-D-F-J-K-L,D,F,C,K,B,A,J,L,https://en.wikipedia.org/wiki/Template:2026_FIFA_World_Cup_third-place_table
442,A-B-C-D-F-I-K-L,D,F,C,K,B,A,I,L,https://en.wikipedia.org/wiki/Template:2026_FIFA_World_Cup_third-place_table
443,A-B-C-D-F-I-J-L,D,F,C,I,B,A,J,L,https://en.wikipedia.org/wiki/Template:2026_FIFA_World_Cup_third-place_table
444,A-B-C-D-F-I-J-K,D,F,C,K,B,A,J,I,https://en.wikipedia.org/wiki/Template:2026_FIFA_World_Cup_third-place_table
445,A-B-C-D-F-H-K-L,C,D,H,K,B,A,F,L,https://en.wikipedia.org/wiki/Template:2026_FIFA_World_Cup_third-place_table
446,A-B-C-D-F-H-J-L,D,F,C,H,B,A,J,L,https://en.wikipedia.org/wiki/Template:2026_FIFA_World_Cup_third-place_table
447,A-B-C-D-F-H-J-K,C,F,H,K,B,A,J,D,https://en.wikipedia.org/wiki/Template:2026_FIFA_World_Cup_third-place_table
448,A-B-C-D-F-H-I-L,C,D,H,I,B,A,F,L,https://en.wikipedia.org/wiki/Template:2026_FIFA_World_Cup_third-place_table
449,A-B-C-D-F-H-I-K,C,D,H,K,B,A,F,I,https://en.wikipedia.org/wiki/Template:2026_FIFA_World_Cup_third-place_table
450,A-B-C-D-F-H-I-J,C,F,H,I,B,A,J,D,https://en.wikipedia.org/wiki/Template:2026_FIFA_World_Cup_third-place_table
451,A-B-C-D-F-G-K-L,D,F,C,K,B,A,G,L,https://en.wikipedia.org/wiki/Template:2026_FIFA_World_Cup_third-place_table
452,A-B-C-D-F-G-J-L,D,F,C,J,B,A,G,L,https://en.wikipedia.org/wiki/Template:2026_FIFA_World_Cup_third-place_table
453,A-B-C-D-F-G-J-K,D,F,C,K,B,A,G,J,https://en.wikipedia.org/wiki/Template:2026_FIFA_World_Cup_third-place_table
454,A-B-C-D-F-G-I-L,D,F,C,I,B,A,G,L,https://en.wikipedia.org/wiki/Template:2026_FIFA_World_Cup_third-place_table
455,A-B-C-D-F-G-I-K,D,F,C,K,B,A,G,I,https://en.wikipedia.org/wiki/Template:2026_FIFA_World_Cup_third-place_table
456,A-B-C-D-F-G-I-J,D,F,C,J,B,A,G,I,https://en.wikipedia.org/wiki/Template:2026_FIFA_World_Cup_third-place_table
457,A-B-C-D-F-G-H-L,D,F,C,H,B,A,G,L,https://en.wikipedia.org/wiki/Template:2026_FIFA_World_Cup_third-place_table
458,A-B-C-D-F-G-H-K,C,F,H,K,B,A,G,D,https://en.wikipedia.org/wiki/Template:2026_FIFA_World_Cup_third-place_table
459,A-B-C-D-F-G-H-J,C,F,H,J,B,A,G,D,https://en.wikipedia.org/wiki/Template:2026_FIFA_World_Cup_third-place_table
460,A-B-C-D-F-G-H-I,C,F,H,I,B,A,G,D,https://en.wikipedia.org/wiki/Template:2026_FIFA_World_Cup_third-place_table
461,A-B-C-D-E-J-K-L,C,D,E,K,B,A,J,L,https://en.wikipedia.org/wiki/Template:2026_FIFA_World_Cup_third-place_table
462,A-B-C-D-E-I-K-L,C,D,E,K,B,A,I,L,https://en.wikipedia.org/wiki/Template:2026_FIFA_World_Cup_third-place_table
463,A-B-C-D-E-I-J-L,C,D,E,I,B,A,J,L,https://en.wikipedia.org/wiki/Template:2026_FIFA_World_Cup_third-place_table
464,A-B-C-D-E-I-J-K,C,D,E,K,B,A,J,I,https://en.wikipedia.org/wiki/Template:2026_FIFA_World_Cup_third-place_table
465,A-B-C-D-E-H-K-L,C,D,H,K,B,A,E,L,https://en.wikipedia.org/wiki/Template:2026_FIFA_World_Cup_third-place_table
466,A-B-C-D-E-H-J-L,C,D,H,E,B,A,J,L,https://en.wikipedia.org/wiki/Template:2026_FIFA_World_Cup_third-place_table
467,A-B-C-D-E-H-J-K,C,D,H,K,B,A,J,E,https://en.wikipedia.org/wiki/Template:2026_FIFA_World_Cup_third-place_table
468,A-B-C-D-E-H-I-L,C,D,H,I,B,A,E,L,https://en.wikipedia.org/wiki/Template:2026_FIFA_World_Cup_third-place_table
469,A-B-C-D-E-H-I-K,C,D,H,K,B,A,E,I,https://en.wikipedia.org/wiki/Template:2026_FIFA_World_Cup_third-place_table
470,A-B-C-D-E-H-I-J,C,D,H,I,B,A,J,E,https://en.wikipedia.org/wiki/Template:2026_FIFA_World_Cup_third-place_table
471,A-B-C-D-E-G-K-L,C,D,E,K,B,A,G,L,https://en.wikipedia.org/wiki/Template:2026_FIFA_World_Cup_third-place_table
472,A-B-C-D-E-G-J-L,C,D,E,J,B,A,G,L,https://en.wikipedia.org/wiki/Template:2026_FIFA_World_Cup_third-place_table
473,A-B-C-D-E-G-J-K,C,D,E,K,B,A,G,J,https://en.wikipedia.org/wiki/Template:2026_FIFA_World_Cup_third-place_table
474,A-B-C-D-E-G-I-L,C,D,E,I,B,A,G,L,https://en.wikipedia.org/wiki/Template:2026_FIFA_World_Cup_third-place_table
475,A-B-C-D-E-G-I-K,C,D,E,K,B,A,G,I,https://en.wikipedia.org/wiki/Template:2026_FIFA_World_Cup_third-place_table
476,A-B-C-D-E-G-I-J,C,D,E,J,B,A,G,I,https://en.wikipedia.org/wiki/Template:2026_FIFA_World_Cup_third-place_table
477,A-B-C-D-E-G-H-L,C,D,H,E,B,A,G,L,https://en.wikipedia.org/wiki/Template:2026_FIFA_World_Cup_third-place_table
478,A-B-C-D-E-G-H-K,C,D,H,K,B,A,G,E,https://en.wikipedia.org/wiki/Template:2026_FIFA_World_Cup_third-place_table
479,A-B-C-D-E-G-H-J,C,D,H,J,B,A,G,E,https://en.wikipedia.org/wiki/Template:2026_FIFA_World_Cup_third-place_table
480,A-B-C-D-E-G-H-I,C,D,H,I,B,A,G,E,https://en.wikipedia.org/wiki/Template:2026_FIFA_World_Cup_third-place_table
481,A-B-C-D-E-F-K-L,D,F,C,K,B,A,E,L,https://en.wikipedia.org/wiki/Template:2026_FIFA_World_Cup_third-place_table
482,A-B-C-D-E-F-J-L,D,F,C,E,B,A,J,L,https://en.wikipedia.org/wiki/Template:2026_FIFA_World_Cup_third-place_table
483,A-B-C-D-E-F-J-K,D,F,C,K,B,A,J,E,https://en.wikipedia.org/wiki/Template:2026_FIFA_World_Cup_third-place_table
484,A-B-C-D-E-F-I-L,D,F,C,I,B,A,E,L,https://en.wikipedia.org/wiki/Template:2026_FIFA_World_Cup_third-place_table
485,A-B-C-D-E-F-I-K,D,F,C,K,B,A,E,I,https://en.wikipedia.org/wiki/Template:2026_FIFA_World_Cup_third-place_table
486,A-B-C-D-E-F-I-J,D,F,C,I,B,A,J,E,https://en.wikipedia.org/wiki/Template:2026_FIFA_World_Cup_third-place_table
487,A-B-C-D-E-F-H-L,C,D,H,E,B,A,F,L,https://en.wikipedia.org/wiki/Template:2026_FIFA_World_Cup_third-place_table
488,A-B-C-D-E-F-H-K,C,F,H,K,B,A,E,D,https://en.wikipedia.org/wiki/Template:2026_FIFA_World_Cup_third-place_table
489,A-B-C-D-E-F-H-J,C,F,H,E,B,A,J,D,https://en.wikipedia.org/wiki/Template:2026_FIFA_World_Cup_third-place_table
490,A-B-C-D-E-F-H-I,C,F,H,I,B,A,E,D,https://en.wikipedia.org/wiki/Template:2026_FIFA_World_Cup_third-place_table
491,A-B-C-D-E-F-G-L,D,F,C,E,B,A,G,L,https://en.wikipedia.org/wiki/Template:2026_FIFA_World_Cup_third-place_table
492,A-B-C-D-E-F-G-K,D,F,C,K,B,A,G,E,https://en.wikipedia.org/wiki/Template:2026_FIFA_World_Cup_third-place_table
493,A-B-C-D-E-F-G-J,D,F,C,J,B,A,G,E,https://en.wikipedia.org/wiki/Template:2026_FIFA_World_Cup_third-place_table
494,A-B-C-D-E-F-G-I,D,F,C,I,B,A,G,E,https://en.wikipedia.org/wiki/Template:2026_FIFA_World_Cup_third-place_table
495,A-B-C-D-E-F-G-H,C,F,H,E,B,A,G,D,https://en.wikipedia.org/wiki/Template:2026_FIFA_World_Cup_third-place_table
